Title,CreationDate
"Writing data to LMDB with Python very slow","2015-07-27 09:16:19"
"Test labels for regression caffe, float not allowed?","2015-08-02 18:05:20"
"L2 normalization in Caffe using already existing layers","2016-04-02 05:47:18"
"Undefined symbols for architecture x86_64: for caffe build","2015-01-11 17:44:37"
"Monitor training/validation process in Caffe","2015-08-13 01:43:08"
"LRU with Caffeine","2016-01-09 14:51:15"
"Caffe does not make snapshots on SIGINT","2016-02-16 16:42:51"
"Importing caffe's PriorBox into TensorRT","2018-09-19 03:59:54"
"Counting the number of multiply-add operations (MAC) in Caffe CNN's architecture","2017-06-12 19:49:35"
"how to append data to existing LMDB?","2016-01-16 00:32:13"
"caffe cmake error by ccache","2016-07-12 10:46:08"
"How to train a caffe model?","2015-07-13 13:58:53"
"Caffe: What can I do if only a small batch fits into memory?","2016-04-10 07:11:14"
"Can Caffe classify pixels of an image directly?","2015-05-12 18:36:33"
"When to use in-place layers in Caffe?","2016-07-20 07:26:54"
"Caffe snapshots: .solverstate vs .caffemodel","2016-04-08 16:25:11"
"Construct caffe.Net object using NetParameter","2015-08-11 07:50:15"
"How can I implement a weighted cross entropy loss in tensorflow using sparse_softmax_cross_entropy_with_logits","2016-10-23 00:20:39"
"How to use ""top"" and ""bottom"" parameters to build network architecture","2017-08-11 03:06:48"
"Caffe output layer number accuracy","2015-08-27 10:49:25"
"Min-Max normalization Layer in Caffe","2016-12-26 07:54:11"
"How should ""BatchNorm"" layer be used in caffe?","2017-01-12 08:25:18"
"How to feed caffe multi label data in HDF5 format?","2015-10-15 04:38:41"
"Google Inceptionism: obtain images by class","2015-09-30 02:04:54"
"How to create caffe.deploy from train.prototxt","2015-11-18 01:21:28"
"Caffe HDF5 pixel-wise classification","2015-11-18 20:17:26"
"VGG Face Descriptor in python with caffe","2015-11-20 14:01:04"
"Sharing contiguous numpy arrays between processes in python","2015-07-01 20:42:18"
"How to design deep convolutional neural networks?","2016-05-17 15:47:50"
"Caffe: how to choose maximum avalible batch size that can fit in memory?","2016-06-08 09:30:01"
"Multiple pretrained networks in Caffe","2015-12-25 22:18:21"
"Caffe SigmoidCrossEntropyLoss Layer Loss Function","2016-11-01 03:18:50"
"caffe with multi-label images","2015-09-20 15:09:18"
"how to calculate a net's FLOPs in CNN","2017-04-19 08:37:11"
"How to train a reverse embedding, like vec2word?","2017-04-20 09:22:08"
"Caffe: Understanding expected lmdb datastructure for blobs","2015-04-09 04:44:56"
"Euclidean Loss Layer in Caffe","2015-06-28 11:25:13"
"Ways to implement multi-GPU BN layers with synchronizing means and vars","2017-03-27 21:42:48"
"Accuracy issue in caffe","2015-12-11 23:41:28"
"How can I speed up deep learning on a non-NVIDIA setup?","2017-03-31 14:20:00"
"Caffe sigmoid cross entropy loss","2016-04-11 01:11:40"
"caffe: model definition: write same layer with different phase using caffe.NetSpec()","2016-04-25 15:31:56"
"Where is exactly the definition of function-like macros such as CHECK & CHECK_EQ in Caffe?","2016-07-21 16:40:59"
"Object categories of pretrained imagenet model in caffe","2015-05-15 12:46:16"
"How to enable multithreading with Caffe?","2015-07-14 00:32:46"
"How to programmatically generate deploy.txt for caffe in python","2016-12-06 00:50:22"
"What is average_loss field in Caffe solver for?","2016-10-22 09:16:14"
"Using GPU despite setting CPU_Only, yielding unexpected keyword argument","2015-02-24 09:33:33"
"Caffe layer creation failure","2015-05-19 12:04:11"
"Cheat sheet for caffe / pycaffe?","2015-09-03 15:32:43"
"Could not insert 'nvidia_352': No such device","2015-09-10 05:35:21"
"Why GPU takes longer time to process first frame of video than CPU in Caffe?","2017-02-20 05:37:44"
"When does Caffe make copies of the data?","2015-02-25 03:01:08"
"Custom padding for convolutions in TensorFlow","2016-06-06 14:04:04"
"Scale layer in Caffe","2016-05-24 10:31:23"
"Caffe training without testing","2015-11-24 22:45:13"
"How to generate a sentence from feature vector or words?","2015-12-28 13:51:50"
"How to reduce a fully-connected (`""InnerProduct""`) layer using truncated SVD","2016-11-08 07:02:24"
"Multiple accuracy layers in Caffe","2015-10-06 09:34:21"
"What does global pooling do?","2017-02-06 14:45:51"
"Rename Caffe layers through pycaffe","2016-01-03 21:46:15"
"make pycaffe fatal error: 'Python.h' file not found","2015-07-11 14:55:59"
"What is the proper way to weight decay for Adam Optimizer","2017-06-09 08:08:41"
"scale the loss value according to ""badness"" in caffe","2016-01-20 18:24:07"
"What does 'non-trainable params' mean?","2017-11-15 16:11:30"
"caffe: What does the **group** param mean?","2016-11-29 18:15:29"
"Prediction in Caffe - Exception: Input blob arguments do not match net inputs","2015-03-18 14:32:37"
"Caffe LeNet: Difference between `solver.step(1)` and `solver.net.forward()`","2016-06-25 06:21:47"
"Loading ONNX Model in Java","2017-11-23 23:17:10"
"What's the difference between Softmax and SoftmaxWithLoss layer in caffe?","2016-12-05 12:47:08"
"A guide to convert_imageset.cpp","2015-07-15 09:53:01"
"Compiling Caffe C++ Classification Example","2015-08-26 05:15:23"
"What is a `""Python""` layer in caffe?","2016-12-27 11:17:14"
"Is there a common format for neural networks","2015-11-20 14:19:18"
"Spark problems with imports in Python","2016-10-03 03:54:02"
"Caffe: opencv error","2015-07-06 19:17:09"
"Does Caffe need data to be shuffled?","2016-06-06 12:54:39"
"Importing caffe results in ImportError: ""No module named google.protobuf.internal"" (import enum_type_wrapper)","2016-06-06 20:22:59"
"Is it possible to switch between BLAS libraries without recompiling program?","2015-11-23 14:17:37"
"compiling caffe on Yosemite","2015-06-10 01:59:12"
"RMSprop, Adam, AdaDelta test accuracy does not improve using Caffe","2015-10-02 14:53:24"
"Siamese network output","2016-11-22 14:14:33"
"How to split a Blob along channels in Caffe","2016-12-19 17:52:21"
"Fine Tuning of GoogLeNet Model","2016-04-25 12:52:05"
"ImportError cannot import name BytesIO when import caffe on ubuntu","2014-12-10 08:49:26"
"Caffe Multiple Input Images","2014-12-12 04:40:59"
"What is `lr_policy` in Caffe?","2015-05-04 14:47:04"
"How reconstruct the caffe net by using pycaffe","2016-02-16 03:44:31"
"Customizing the convolution layer in caffe windows cpp","2016-12-15 10:36:45"
"Caffe didn't see hdf5.h when compiling","2016-05-03 14:53:38"
"Faster RCNN for TensorFlow","2016-07-13 04:23:25"
"Changing the solver parameters in Caffe through pycaffe","2015-08-05 05:11:01"
"Finding gradient of a Caffe conv-filter with regards to input","2015-07-09 17:48:20"
"How to make sense of tensorflow tensorboard Histograms?","2016-04-05 14:25:08"
"Import caffe error","2015-01-27 18:17:48"
"How to convert caffe prototxt to pytorch model?","2017-12-07 08:41:59"
"Python real time image classification problems with Neural Networks","2016-09-16 01:46:46"
"Convert data to leveldb for caffe","2015-06-05 10:10:32"
"What is `weight_decay` meta parameter in Caffe?","2015-08-24 08:33:15"
"What does ""InitGoogleLogging"" do?","2015-09-02 01:24:02"
"Sigaction and porting Linux code to Windows","2015-09-04 04:08:40"
"What's the triplet loss back propagation gradient formula?","2015-10-25 14:25:35"
"ImportError: dynamic module does not define module export function (PyInit__caffe)","2015-12-15 17:01:28"
"Auto-encoders with tied weights in Caffe","2016-08-25 02:37:10"
"Caffe error Cannot copy param 0 weights from layer, shape mismatch","2016-05-18 12:56:48"
"Google Deep Dream - Use classes to ""control dreams""","2018-03-07 22:44:01"
"How to write comments in prototxt files?","2016-05-24 15:50:20"
"What does *Restarting data prefetching from start* mean in caffe","2017-04-09 11:50:41"
"Error in creating LMDB database file in Python for Caffe","2015-06-10 23:28:40"
"Caffe net.predict() outputs random results (GoogleNet)","2015-06-12 21:15:22"
"How to ignore solid-color image backgrounds when working with convolutional neural networks (CNNs)?","2015-09-20 13:28:34"
"Generating LMDB for Caffe","2015-11-10 10:29:30"
"Adverserial images in TensorFlow","2017-03-18 20:45:14"
"What is imbalance in image segmentation?","2017-08-28 07:53:14"
"InfogainLoss layer","2014-12-24 06:20:31"
"How to reshape a blob in Caffe?","2015-01-22 14:08:53"
"What is the output of fully connected layer in CNN?","2016-03-04 05:48:41"
"caffe2 Tensor<CUDAContext> assignment, construction or copy","2017-08-03 12:21:02"
"How are multiple gpus utilized in Caffe?","2016-12-21 16:35:57"
"A simple Convolutional neural network code","2016-04-16 06:51:49"
"How to create a Jcache in Spring Java config?","2016-01-15 11:14:17"
"How to Create CaffeDB training data for siamese networks out of image directory","2016-01-20 15:25:32"
"deep learning - a number of naive questions about caffe","2016-01-24 00:16:23"
"Caffe Iteration loss versus Train Net loss","2015-08-05 18:48:26"
"A weird error in in LevelDB while compiling a custom layer of caffe","2018-03-14 11:31:59"
"Conda command fails silently","2017-10-31 16:35:08"
"How to build Caffe framework XCode 6.2, iOS 8.3 environment","2015-04-17 15:16:54"
"How to increase validation accuracy with deep neural net?","2016-05-04 07:07:31"
"How to modify the Imagenet Caffe Model?","2016-12-08 17:26:51"
"LSTM module for Caffe","2015-08-26 11:27:22"
"""/usr/bin/ld: cannot find -lopenblas"" error in Caffe compilation","2015-09-02 12:43:22"
"NameError: name 'get_ipython' is not defined","2015-09-12 12:25:27"
"Is it possible to set a different specification per cache using caffeine in spring boot?","2018-04-17 18:27:40"
"Caffe | Check failed: error == cudaSuccess (2 vs. 0) out of memory","2015-11-18 21:06:03"
"Building Caffe on Ubuntu: make can't find Boost's include files","2015-03-05 00:23:05"
"nvcc fatal : Unsupported gpu architecture 'compute_20' while cuda 9.1+caffe+openCV 3.4.0 is installed","2018-01-22 14:30:27"
"Install caffe2 in Google Colaboratory with GPU support","2018-02-10 14:54:32"
"Terminal output redirection not working for Caffe","2015-11-20 23:44:39"
"How to convolve two blobs in caffe","2016-07-31 02:50:18"
"Error when using classify in caffe","2015-06-12 17:15:04"
"Modifying the Caffe C++ prediction code for multiple inputs","2015-09-19 13:19:11"
"Caffe: how to get the phase of a Python layer?","2015-12-31 17:35:59"
"Is it good learning rate for Adam method?","2017-03-23 02:53:10"
"Image classification in Caffe always returns same class","2016-04-28 14:25:42"
"Convert nngraph model to nn model","2017-06-14 07:12:41"
"Issues with compiling Caffe with cuDNN","2015-01-16 15:48:13"
"Multi label regression in Caffe","2015-01-21 01:08:04"
"what does C-contiguous fashion mean in caffe blob storage?","2016-06-02 16:53:45"
"What is ""batch normalizaiton""? why using it? how does it affect prediction?","2016-12-21 18:30:03"
"The speed between ImageDataLayer and LMDB data layer","2016-02-28 09:17:41"
"'utf-8' codec can't decode byte 0x80","2016-04-24 16:40:25"
"Install Caffe on Mac error: ""fatal error: 'cblas.h' file not found""","2016-02-22 01:20:28"
"Multiple Caffeine LoadingCaches added to Spring CaffeineCacheManager","2017-06-12 19:27:26"
"caffe data layer example step by step","2016-01-25 15:20:53"
"AttributeError: module 'caffe2.python._import_c_extension' has no attribute 'get_cudnn_version'","2018-10-04 09:56:27"
"How to verify CuDNN installation?","2015-07-09 18:58:39"
"How to change CUDA version","2017-08-03 07:05:23"
"caffe: error with protobuf version","2016-04-17 15:11:00"
"What is the simplest way to make object detector on C++ with Fast/Faster-RCNN?","2016-04-17 15:18:42"
"What's the difference between net.layers.blobs and net.params in Caffe","2017-10-27 08:39:50"
"Setting GLOG_minloglevel=1 to prevent output in shell from Caffe","2015-04-22 04:56:59"
"What does 'Attempting to upgrade input file specified using deprecated transformation parameters' mean?","2015-05-15 07:05:59"
"Fusing different input channels in caffe?","2015-09-22 12:38:38"
"Trying to train the ImageNet model with Region CNN (R-CNN)","2015-10-13 11:11:21"
"Multiple category classification in Caffe","2015-10-13 21:27:25"
"Caffe: Reading LMDB from Python","2015-10-14 05:53:29"
"Building custom Caffe layer in python","2015-11-18 10:57:44"
"Caffe | solver.prototxt values setting strategy","2015-11-18 13:01:21"
"Caffe+Opencv without lmdb","2015-10-16 15:25:57"
"Google Deep Dream art: how to pick a layer in a neural network and enhance it","2015-06-23 05:32:04"
"Common causes of nans during training","2015-11-27 17:23:30"
"number of parameters in Caffe LENET or Imagenet models","2015-05-22 18:31:14"
"Caffe: Drawing CNN Net","2015-06-23 16:34:42"
"Tackling Class Imbalance: scaling contribution to loss and sgd","2015-05-27 14:52:41"
"error: function ""atomicAdd(double *, double)"" has already been defined","2016-09-01 14:37:44"
"Leaky_Relu in Caffe","2016-09-02 05:28:11"
"How to interpret caffe log with debug_info?","2016-11-09 15:37:09"
"Convert Tensorflow model to Caffe model","2016-12-14 09:01:17"
"Multi-label classification with Caffe","2015-10-20 05:37:06"
"What is batch size in Caffe or convnets","2015-11-13 01:46:25"